h2,link,h1,keyword,count_analytics,googl_anal,yandex_metrick,description,text,title
"([],)",http://mospolytech.ru/,"(['Новости', 'Поступление', 'Федеральные программы', 'Студенческие проекты и команды', 'Кампус', 'Контакты'],)","(['Московский политех, Московский политехнический университет, МАМИ, Университет машиностроения, обучение, вуз, высшее образование, МГОУ Черномырдина, МГВМИ, МИХМ, МГУИЭ, МГИУ, МГУП Ивана Федорова'],)",,yes,yes,"(['Московский политехнический университет является крупнейшей  образовательной организацией, готовящей квалифицированных специалистов для производства'],)","(['найти', 'Университет', 'Образование', 'Наука', 'Внеучебная жизнь', 'Студенты Московского Политеха – победители конкурса инноваций в промышленном дизайне PUSHKA', 'Открытый отборочный чемпионат по стандартам WorldSkills завершился в Московском Политехе', 'Две серебряных медали получили разработки Московского Политеха на IENA-2017 в Германии', 'Футболисты Московского Политеха – чемпионы мира по футзалу', 'Талантливым школьникам рассказали, как поступить в университет со своим проектом', 'IX открытый Турнир поэтов прошел в Московском Политехе', 'КОНТАКТЫ ', 'МОСКОВСКИЙ ПОЛИТЕХНИЧЕСКИЙ УНИВЕРСИТЕТ ', 'ст. м. «Электрозаводская», ул. Большая Семеновская, 38', 'Приемная комиссия: +7 495 223-05-22', '\r\n\r\n', '\xa0', '\xa0', 'Ученый совет', 'Кампус', '\xa0', '\xa0', 'Центр развития профессионального образования'],)",Московский Политех - Главная страница
"([],)",http://mospolytech.ru/index.php?id=56,"([],)","(['Московский политех, Московский политехнический университет, МАМИ, Университет машиностроения, обучение, вуз, высшее образование, МГОУ Черномырдина, МГВМИ, МИХМ, МГУИЭ, МГИУ, МГУП Ивана Федорова'],)",,yes,yes,"(['Московский политехнический университет является крупнейшей  образовательной организацией, готовящей квалифицированных специалистов для производства'],)","(['найти', 'Университет', 'Образование', 'Наука', 'Внеучебная жизнь', 'Общая информация', ' Арзамасова Инна Ивановна', 'Адрес:\xa0107023, г. Москва, ул. Б. Семёновская, д. 38, корп. А', 'кабинет А-324,325', 'тел: (495) 223-05-23, доб. 1225', '\xa0', '\xa0Максимова Анастасия Олеговна (сотрудники, аспиранты)', 'тел: (495) 223-05-23, доб. 1025', '\xa0', '\xa0Дашкин Евгений Николаевич', '(студенты, аспиранты и сотрудники ВШПиМ)', 'тел: (495) 223-05-23, доб. 1026', '\xa0', '\xa0Фомин Андрей Германович', 'тел: (495) 223-05-23, доб. 1027', '\xa0', ' Ткаченко Татьяна Сергеевна (студенты)', '\xa0Евдокимова Наталья Сергеевна (студенты)', 'тел: (495) 223-05-23, доб. 1125', '\xa0', 'с понедельника по пятницу с 10-00 до 16-00', 'с понедельника по четверг с 10-00 по 16-00', 'обед с 12-00 до 13-00', 'с понедельника по четверг с 14-00 до 16-00', 'а) постановка на воинский учет военнообязанных и призывников очного отделения;', 'б) снятие с воинского учета;', 'в) оформление справок для предоставления в районные военные комиссариаты для оформления отсрочки от призыва на военную службу (', ');', 'г) выписки из приказов (рассылка писем по районным военным комиссариатам) об отчислении, окончании, восстановлении и т.д. на студентов очного отделения.', '\r\n\r\n', '\xa0', '\xa0', 'Ученый совет', 'Кампус', '\xa0', '\xa0', 'Центр развития профессионального образования'],)",Московский Политех - Общая информация
"(['Информация для держателей банковских карт, получающих стипендию и другие материальные выплаты'],)",http://mospolytech.ru/index.php?id=55,"([],)","(['Московский политех, Московский политехнический университет, МАМИ, Университет машиностроения, обучение, вуз, высшее образование, МГОУ Черномырдина, МГВМИ, МИХМ, МГУИЭ, МГИУ, МГУП Ивана Федорова'],)",,yes,yes,"(['Московский политехнический университет является крупнейшей  образовательной организацией, готовящей квалифицированных специалистов для производства'],)","(['найти', 'Университет', 'Образование', 'Наука', 'Внеучебная жизнь', 'Банковские карты', 'Для получения готовой кампусной карты в отделении Сбербанка при себе необходимо иметь:', '- Документ, удостоверяющий личность иностранного гражданина (паспорт);', '- перевод Документа, удостоверяющего личность иностранного гражданина (нотариально заверенный, если в самом паспорте нет страницы с таким переводом);', '- основание пребывания в РФ (виза, миграционная карта и т.п.).', 'Для более комфортного и быстрого обслуживания в Банке просьба также иметь копии следующих документов:', '- паспорта иностранного гражданина;', '- визы;', '- нотариального перевода паспорта;', '- вида на жительство.\xa0', 'Обучающиеся 1 курса могут получить кампусную карту с 30.10.2017 г. в отделении Сбербанка по адресу: г. Москва, ул. Большая Якиманка, д. 18, 2 этаж, кабинет 213.', 'График работы:', 'Дни недели', 'Время', 'Кабинет', 'пн - пт', '10:00 – 19:00', '213 (2 этаж)', 'сб', '10:00 – 15:00', '213 (2 этаж)', '\xa0', '\xa0', 'Подать заявление на выпуск банковской карты ПАО Сбербанк для зачисления заработной платы (если ранее такая карта не выпускалась), а также получить любые консультации по вопросам использования банковских карт ПАО Сбербанк Вы можете по следующему графику присутствия представителей ПАО Сбербанк на территории Московского Политехнического Университета:', 'ул. Большая   Семеновская д. 38', 'с 10-00 до 12-00', 'Вестибюль корпуса А', '\xa0', 'ул. Павла Корчагина\xa0 д. 22', '\xa0', 'с 10-00 до 12-00', 'Вестибюль главного корпуса, 2 этаж', '\xa0', 'ул. Автозаводская д. 16', '\xa0', 'с 10-00 до 12-00', 'Вестибюль главного корпуса («шайба»)', '\xa0', 'ул. Прянишникова д. 2А', '\xa0', 'с 10-00 до 12-00', 'Ауд. 1211,', 'Конференц-зал', 'В другое время подать заявление можно в отделении ПАО Сбербанк по адресу: ', 'пн.-пт. с 08-30 час. до 18-30 час.', 'сб. с 08-30 час. до 15-00 час.', 'вс. - выходной', '\xa0', '\xa0', '\r\n\r\n', '\xa0', '\xa0', 'Ученый совет', 'Кампус', '\xa0', '\xa0', 'Центр развития профессионального образования'],)",Московский Политех - Банковские карты
"([],)",http://mospolytech.ru/index.php?id=1300,"([],)","(['Московский политех, Московский политехнический университет, МАМИ, Университет машиностроения, обучение, вуз, высшее образование, МГОУ Черномырдина, МГВМИ, МИХМ, МГУИЭ, МГИУ, МГУП Ивана Федорова'],)",,yes,yes,"(['Московский политехнический университет является крупнейшей  образовательной организацией, готовящей квалифицированных специалистов для производства'],)","(['найти', 'Университет', 'Образование', 'Наука', 'Внеучебная жизнь', 'Бланки заявлений для студентов', 'Бланки заявлений\xa0', '\r\n\r\n', '\xa0', '\xa0', 'Ученый совет', 'Кампус', '\xa0', '\xa0', 'Центр развития профессионального образования'],)",Московский Политех - Бланки заявлений для студентов
"([],)",http://mospolytech.ru/index.php?id=2042,"([],)","(['Московский политех, Московский политехнический университет, МАМИ, Университет машиностроения, обучение, вуз, высшее образование, МГОУ Черномырдина, МГВМИ, МИХМ, МГУИЭ, МГИУ, МГУП Ивана Федорова'],)",,yes,yes,"(['Московский политехнический университет является крупнейшей  образовательной организацией, готовящей квалифицированных специалистов для производства'],)","(['найти', 'Университет', 'Образование', 'Наука', 'Внеучебная жизнь', 'Оплата обучения', '\xa0', '\xa0', '\xa0', 'Москва, Большая семеновская, д. 38, ауд. Н402', '\xa0', 'Телефон: (495) 223-05-40 или (495) 223-05-23 доб. 1247, 1549, 1550', ' (Логин и пароль для доступа можно получить в Центре по работе со студентами)', 'С Положением об оказании платных образовательных услуг в университете машиностроения можно ознакомиться ', '\r\n\r\n', '\xa0', '\xa0', 'Ученый совет', 'Кампус', '\xa0', '\xa0', 'Центр развития профессионального образования'],)",Московский Политех - Оплата обучения
"([],)",http://mospolytech.ru/index.php?id=668,"([],)","(['Московский политех, Московский политехнический университет, МАМИ, Университет машиностроения, обучение, вуз, высшее образование, МГОУ Черномырдина, МГВМИ, МИХМ, МГУИЭ, МГИУ, МГУП Ивана Федорова'],)",,yes,yes,"(['Московский политехнический университет является крупнейшей  образовательной организацией, готовящей квалифицированных специалистов для производства'],)","(['найти', 'Университет', 'Образование', 'Наука', 'Внеучебная жизнь', 'Внеучебная деятельность', '\r\n\r\n', '\xa0', '\xa0', 'Ученый совет', 'Кампус', '\xa0', '\xa0', 'Центр развития профессионального образования'],)",Московский Политех - Внеучебная деятельность
"([],)",http://mospolytech.ru/index.php?id=3579,"([],)","(['Московский политех, Московский политехнический университет, МАМИ, Университет машиностроения, обучение, вуз, высшее образование, МГОУ Черномырдина, МГВМИ, МИХМ, МГУИЭ, МГИУ, МГУП Ивана Федорова'],)",,yes,yes,"(['Московский политехнический университет является крупнейшей  образовательной организацией, готовящей квалифицированных специалистов для производства'],)","(['найти', 'Университет', 'Образование', 'Наука', 'Внеучебная жизнь', 'О Центрах', 'Центр  по работе со студентами – составляющая часть Управления контингента  образовательных программ, работа которого направлена на документальное  сопровождение и информационно-справочное обслуживание обучающихся университета.', 'Каждый из центров ориентирован на работу с обучающимися определенного факультета, но в любом из центров обучающийся может получить информацию относительно организации учебного процесса и обучения в университете.', '\xa0', '\r\n\r\n', '\xa0', '\xa0', 'Ученый совет', 'Кампус', '\xa0', '\xa0', 'Центр развития профессионального образования'],)",Московский Политех - О Центрах
"([],)",http://mospolytech.ru/index.php?id=5363,"([],)","(['Московский политех, Московский политехнический университет, МАМИ, Университет машиностроения, обучение, вуз, высшее образование, МГОУ Черномырдина, МГВМИ, МИХМ, МГУИЭ, МГИУ, МГУП Ивана Федорова'],)",,yes,yes,"(['Московский политехнический университет является крупнейшей  образовательной организацией, готовящей квалифицированных специалистов для производства'],)","(['найти', 'Университет', 'Образование', 'Наука', 'Внеучебная жизнь', 'Подготовительное отделение для иностранных граждан', 'Прием на обучение иностранных слушателей Подготовительного отделения\xa0Управления по международной интеграции и работе с иностранными студентами осуществляется как по договорам на оказание платных образовательных услуг, так и в соответствии с международными договорами и межправительственными соглашениями Российской Федерации за счет бюджетных ассигнований федерального бюджета.', 'Для обучения иностранные слушатели в срок до 01 ноября 2017 г. должны предоставить в\xa0Управление по международной интеграции и работе с иностранными студентами (Н-315) следующие документы:', '\xa0', '\xa0', '\xa0', '\xa0', 'У нас работают преподаватели по русскому языку, имеющие квалификацию РКИ. Большинство наших преподавателей базовых предметов \xa0- кандидаты наук, а также у нас преподают старшие преподаватели и ассистенты. Наши преподаватели говорят на русском и английском языках>', 'Мы обеспечиваем консульско-визовую поддержку, предоставляем общежитие на весь период обучения, помогаем в оформлении страховки.', '\xa0', 'Ул. Б. Семеновская д.38, корпус «Н», ауд. 315', ':\xa08 (495) 223-05-23\xa0доб.\xa01233,\xa01453, 1252', ': ежедневно с\xa011.00 до 17.00', '\xa0', 'urisa@mospolytech.ru', '\xa0', '\xa0', 'https://vk.com/inter_polytech', '\xa0', '\r\n\r\n', '\xa0', '\xa0', 'Ученый совет', 'Кампус', '\xa0', '\xa0', 'Центр развития профессионального образования'],)",Московский Политех - Подготовительное отделение для иностранных граждан
"([],)",http://mospolytech.ru/index.php?id=3885,"([],)","(['Московский политех, Московский политехнический университет, МАМИ, Университет машиностроения, обучение, вуз, высшее образование, МГОУ Черномырдина, МГВМИ, МИХМ, МГУИЭ, МГИУ, МГУП Ивана Федорова'],)",,yes,yes,"(['Московский политехнический университет является крупнейшей  образовательной организацией, готовящей квалифицированных специалистов для производства'],)","(['найти', 'Университет', 'Образование', 'Наука', 'Внеучебная жизнь', 'Расписания', '\r\n\r\n', '\xa0', '\xa0', 'Ученый совет', 'Кампус', '\xa0', '\xa0', 'Центр развития профессионального образования'],)",Московский Политех - Расписания
"(['Информация для абитуриентов и студентов с инвалидностью и лиц с ограниченными возможностями здоровья', 'Возможности и условия для получения образования обучающимися с ограниченными возможностями'],)",http://mospolytech.ru/index.php?id=5350,"([],)","(['Московский политех, Московский политехнический университет, МАМИ, Университет машиностроения, обучение, вуз, высшее образование, МГОУ Черномырдина, МГВМИ, МИХМ, МГУИЭ, МГИУ, МГУП Ивана Федорова'],)",,yes,yes,"(['Московский политехнический университет является крупнейшей  образовательной организацией, готовящей квалифицированных специалистов для производства'],)","(['найти', 'Университет', 'Образование', 'Наука', 'Внеучебная жизнь', 'Инвалидам и лицам с ОВЗ', '\xa0', 'В целях обеспечения выполнения показателей доступности высшего образования для инвалидов и лиц с ограниченными возможностями здоровья в Московском Политехе проводятся следующие мероприятия:', '- в период проведения приёмной кампании профориентирование абитуриентов из числа инвалидов и лиц с ОВЗ обеспечивается сотрудниками профориентационной зоны, в остальное время сотрудниками приёмной комиссии (ответственный – ответственный секретарь приёмной комиссии Ю.Н. Анфимов);', '- при необходимости приём документов от абитуриентов-инвалидов и лиц с ОВЗ осуществляется в индивидуальном порядке на специально оборудованном рабочем месте с прикреплением ассистента (ответственный – ответственный секретарь приёмной комиссии Ю.Н. Анфимов);', '- в университете работает персональная «горячая линия» для инвалидов и лиц с ОВЗ (тел. 8 (495) 223-05-38);', '- приём документов от инвалидов на обучение в соответствии с их особыми образовательными потребностями осуществляют заместители ответственного секретаря приёмной комиссии на территории Большая Семёновская улица, дом 38 – Макаренко Сергей Александрович, на территории улица Прянишникова, дом 2А – Дмитриев Ярослав Владимирович;', '- при входе в университет размещены специальные значки и указатели, информационные таблички с телефонами, и при необходимости, потребности абитуриента или студента инвалида предоставляется сопровождение волонтера (ответственные за сопровождение – Кременский Виктор Александрович, Петров Александр Владимирович);', '- для инвалидов и лиц с ОВЗ полностью оборудован корпус по адресу: Автозаводская улица, дом 16, строение 5;', '- в университете создана программа «Доступная среда в Московском Политехе», в которой предусмотрено развитие инклюзивного образования, оборудование учебных корпусов, специализированных учебных аудиторий, организация профессиональной ориентации инвалидов, волонтёрского движения в этом направлении.', '\xa0', 'В Московском политехническом университете созданы условия для получения образования студентами с ограниченными возможностями здоровья и студентами-инвалидами. Присутствует доступная среда, достаточная для обеспечения возможности беспрепятственного доступа студентов и работников с ограниченными возможностями здоровья в учебные корпуса по следующим адресам: на Большой Семёновской улице, 38 строение 12, ул. Автозаводская д. 16, стр. 5; ул. Садовая-Спасская д. 4, стр. 6. В университете организован учет обучающихся с ограниченными возможностями здоровья и инвалидов.', 'Студенты-инвалиды и студенты с ограниченными возможностями здоровья, как и все остальные студенты, могут обучаться в установленные сроки. При необходимости, с учетом особенностей и образовательных потребностей конкретных обучающихся, разрабатываются индивидуальные учебные планы. По каждой дисциплине учебных планов образовательных программ разработаны методические документы, включающие методические рекомендации по самостоятельному освоению курсов. На основе индивидуализированного подхода организуется прохождение практики обучающихся-инвалидов и обучающихся с ограниченными возможностями здоровья.', 'Особое внимание уделяется охране здоровья обучающимся из числа инвалидов и лиц с ограниченными возможностями здоровья. На территории Большая Семёновская, 38 корпус А работает медицинский кабинет, где оказывается необходимая первичная помощь, производится периодичный осмотр обучающихся инвалидов и обучающихся с ограниченными возможностями. В университете работает консультативный пункт психологической помощи для всех обучающихся, со штатом в количестве 2 человек.', 'Библиотечно-информационный центр университета осуществляет обслуживание обучающихся из числа инвалидов и лиц с ограниченными возможностями здоровья:', '- обеспечивает доступность к книжным фондам и электронным ресурсам библиотеки;', '- принимает заказы на издания и другие документы (дистанционно);', '- подбирает и доставляет литературу и другие документы к месту пребывания обучающихся в университете;', '- оказывает помощь в работе с электронным и карточным каталогом;', 'организует доступ (удаленный доступ) к электронным библиотечным системам (ЭБС) и другим электронным ресурсам.', 'Все ЭБС снабжены версиями для слабовидящих. В ЭБС «Лань» интегрированы сервисы для незрячих студентов, которые позволяют эффективно работать с ЭБС. В мобильное приложение ЭБС «Лань» интегрирован синтезатор речи. Используя этот сервис, незрячие студенты могут:', '- осуществлять навигацию как по каталогу, так и в тексте книги;', '- слушать озвученные книги на мобильном устройстве;', '- регулировать скорость воспроизведения речи;', '- осуществлять переход по предложениям, абзацам или главам книги.', 'Для освоения дисциплины «Физическая культура и спорт» университет устанавливает особый порядок. Студентам-инвалидам предлагаются задания и специальный комплекс упражнений для самостоятельного физического совершенствования. Для студентов с ограниченными возможностями здоровья проводятся занятия с доступной физической нагрузкой, учитывающей особенности каждого студента.', 'Работники приёмной комиссии университета работают с соблюдением законодательства в части приёма абитуриентов-инвалидов и абитуриентов с ограниченными возможностями здоровья.', 'Полностью оборудован объект студенческого городка - общежитие № 8 по адресу Рижский проезд дом 15 корп. 2 и является доступным для пользования инвалидами и другими маломобильными группами. Общежитие предусматривает размещение, проживание 8 обучающихся с ограниченными возможностями здоровья. Соответствие подтверждено заключением Общественной инспекции по делам инвалидов в г. Москве (Акт обследования объекта действующей инфраструктуры в г. Москве от 31.01.2017 № 1).', 'В университете разработаны локальные нормативные документы, которые регламентируют процедуру организации образовательного процесса для инвалидов и лиц с ограниченными возможностями здоровья студентов с ограниченными возможностями здоровья.', 'Подготовлены специализированные стоянки для автотранспорта лиц с ограниченными возможностями в соответствии с ГОСТ Р 52289 и ГОСТ Р 12.4.026 по следующим адресам: Большая Семёновская, 38 строение 12 – 2 парковочных места, Автозаводская улица, 16 стр. 5 – 2 парковочных места, ул. Садовая-Спасская д. 4, стр. 6 – 2 парковочных места. Размещены информационные таблички о наличии ситуационной помощи лицам с ограниченными возможностями выполненные в соответствии с требованиями ГОСТ Р 52875.', 'Входы в вышеуказанные учебные корпуса университета оборудованы пандусами в соответствии с требованиями к доступности среды для маломобильных граждан СНиП 35.01.2001, СП 42.13330, ГОСТ Р 51261, ГОСТ Р 52875.', 'С целью обеспечения принятия коллегиальных решений по вопросам организации образовательного процесса для инвалидов и лиц с ограниченными возможностями здоровья, определения основных направлений и координации работы по развитию инклюзивного образования в университете приказом ректора создана постоянно действующая комиссия.', 'Для выполнения Требований к организации образовательного процесса для обучения инвалидов и лиц с ограниченными возможностями здоровья в институте утвержден План мероприятий по организации образовательного процесса для обучения инвалидов и лиц с ограниченными возможностями здоровья.', '\r\n\r\n', '\xa0', '\xa0', 'Ученый совет', 'Кампус', '\xa0', '\xa0', 'Центр развития профессионального образования'],)",Московский Политех - Инвалидам и лицам с ОВЗ
"([],)",http://mospolytech.ru/index.php?id=3247,"([],)","(['Московский политех, Московский политехнический университет, МАМИ, Университет машиностроения, обучение, вуз, высшее образование, МГОУ Черномырдина, МГВМИ, МИХМ, МГУИЭ, МГИУ, МГУП Ивана Федорова'],)",,yes,yes,"(['Московский политехнический университет является крупнейшей  образовательной организацией, готовящей квалифицированных специалистов для производства'],)","(['найти', 'Университет', 'Образование', 'Наука', 'Внеучебная жизнь', 'Меню раздела', '\xa0\xa0', '!!!ВНИМАТЕЛЬНО\xa0', '\xa0', 'ДЛЯ\xa0', 'регистрация на проекты теперь будет осуществляться через\xa0', 'Все студенты, которые обратились в ЦПД с проблемами с личным кабинетом до окончания регистрации, будут распределены на проекты, на которые они пожелали записаться. Остальные студенты, которые не успели записаться на проект по любой причине будут автоматически распределены на проекты. Список всех студентов и их проектов будет доступен после 2.10 на сайте проектной деятельности и в личных кабинетах.\xa0', 'Большая просьба проверить, указаны ли у вас электронная почта и номер телефона в личном кабинете, иначе кураторы с вами не смогут оперативно связываться.\xa0', 'Напоминаем вам, что для подтверждения участия в проекте необходимо будет посетить первые занятия.', 'РЕГЛАМЕНТ ТУРНИРОВ ', ' И ', ' располагаются в соответствующем разделе по ', '.', 'ДЛЯ\xa0', '\xa0РАСПИСАНИЕ ПРОЕКТНОЙ ДЕЯТЕЛЬНОСТИ ПО ГРУППАМ\xa0', '\xa0- ', 'Первое занятие по Инженерному и Проектному старту состоится\xa0', '___________', '\xa0- прекрасный способ проверить свои навыки и умения в реальном деле - задания нацелены на решение практических задач и оцениваются внешними экспертами.', 'Выбирайте заинтересовавший вас проект и регистрируйтесь! Не забывайте о профильности проектов!', 'В начале сентября в Московском Политехе регулярно проводится командный турнир для инженерных и гуманитарных направлений.', 'Регламенты, сроки регистраций, сроки зачетов и т.п.', 'Регулярно проверяйте обновления!', 'Данный разбел содержит описание всех лабораторий, входящих в состав ЦПД, ближайших партнеров и центров, а также списки доступного оборудования и регламент его использовани.\xa0', 'В этом разделе собраны все баллы по дисциплине ""Проектная деятельность"" - ', '.', 'Учебные группы с пофамильным рейтингом студентов объединены по факультетам. В документе вы найдете свои баллы по проектам.', 'Пожалуйста, пройдите\xa0', 'и\xa0', '\xa0Проектной деятельности в течение весеннего семестра. Постарайтесь ставить ваши оценки объективно. Большое вам спасибо!', 'Группа по Проектной деятельности в ВКонтакте', 'Там будут появляться все обновления и оповещения по проектам, а также по активностям в рамках дисциплины Проектная деятельность.', 'Форма для обратной связи (анонимно)\xa0', 'Здесь вы можете задать интересующие вас вопросы по проектной деятельности, а также оставить свои комментарии и конструктивные пожелания по организации и проведению проектов в будущем.\xa0', '\r\n\r\n', '\xa0', '\xa0', 'Ученый совет', 'Кампус', '\xa0', '\xa0', 'Центр развития профессионального образования'],)",Московский Политех - Меню раздела
"([],)",http://mospolytech.ru/index.php?id=4240,"([],)","(['Московский политех, Московский политехнический университет, МАМИ, Университет машиностроения, обучение, вуз, высшее образование, МГОУ Черномырдина, МГВМИ, МИХМ, МГУИЭ, МГИУ, МГУП Ивана Федорова'],)",,yes,yes,"(['Московский политехнический университет является крупнейшей  образовательной организацией, готовящей квалифицированных специалистов для производства'],)","(['найти', 'Университет', 'Образование', 'Наука', 'Внеучебная жизнь', 'Поступление иностранных граждан', 'Московский Политех ведет образовательную деятельность на основании государственной лицензии и свидетельства об аккредитации,\xa0 дающих право выдавать документы о высшем образовании установленного образца\xa0лицам, успешно завершившим обучение.', 'Прием иностранных граждан осуществляется на основании правил приема на бюджетной основе и на основании договора\xa0на оказание платных образовательных услуг. ', '.', 'Процедура приема иностранных граждан для прохождения обучения в Московский Политех определена \xa0', '.', 'При поступлении на программы бакалавриата, специалитета и магистратуры иностранные абитуриенты предоставляют в ', 'Управление по международной интеграции и работе с иностранными студентами (Н-314)', ':', '\xa0', 'Студентам очной формы обучения предоставляется общежитие.', '\xa0', '\xa0', 'Управление по международной интеграции и работе с иностранными студентами', 'Ул. Б. Семеновская д.38, корпус «Н», ауд. 314', 'Тел: ', '8 (495) 223-05-23', '\xa0', 'доб. 1150, 1151, 1152', 'Е-mail:', '\xa0', 'urisa@mospolytech.ru', ' ', 'Сообщество Вконтакте:', ' ', 'https://vk.com/inter_polytech', '\xa0', '\r\n\r\n', '\xa0', '\xa0', 'Ученый совет', 'Кампус', '\xa0', '\xa0', 'Центр развития профессионального образования'],)",Московский Политех - Поступление иностранных граждан
"(['Сведения о доходах, об имуществе и обязательствах имущественного характера руководителя и членов его семьи'],)",http://mospolytech.ru/index.php?id=4193,"([],)","(['Московский политех, Московский политехнический университет, МАМИ, Университет машиностроения, обучение, вуз, высшее образование, МГОУ Черномырдина, МГВМИ, МИХМ, МГУИЭ, МГИУ, МГУП Ивана Федорова'],)",,yes,yes,"(['Московский политехнический университет является крупнейшей  образовательной организацией, готовящей квалифицированных специалистов для производства'],)","(['найти', 'Университет', 'Образование', 'Наука', 'Внеучебная жизнь', 'Сведения о доходах и расходах', '\xa0', '\xa0', '\r\n\r\n', '\xa0', '\xa0', 'Ученый совет', 'Кампус', '\xa0', '\xa0', 'Центр развития профессионального образования'],)",Московский Политех - Сведения о доходах и расходах
"(['НОВОСТИ ', 'Добро пожаловать ', 'Вход в ', 'Нет пароля? '],)",http://stud.mami.ru/,"([],)","([],)",,no,no,"([],)","(['ПОЛИТЕХА', 'в личный кабинет обучающегося и преподавателя \r\n', 'Московского Политеха', 'личный кабинет', ' ', 'Внимание! Для первого входа в личный кабинет необходимо получить  ', ' (код студента) в своем ', '. В качестве ', ' используйте Вашу ', ' (с ', ' первой буквой, остальные строчные, например ', '). После успешной авторизации Вы можете поменять логин и пароль в личном кабинете (раздел «', '»). ', 'Обратите внимание, что буквы в выданном в Центре по работе со студентами пароле (в виде ', ' или ', ' ) должны быть набраны в ', ' раскладке ', '. Перед русской буквой «М» стоит цифра «ноль» - 0 (но не буква «О»). Обязательно указывайте ', ' (-) в пароле. ', 'Если выданный центром пароль не подходит -  воспользуйтесь ', ', при этом укажите в сообщении вводимые логин и пароль,  свои ФИО полностью, дату рождения и группу.', 'Логином служит Ваша ', ' (с ', ' первой буквой, остальные строчные, например ', '). Если Вы не получали письмо с паролем, воспользуйтесь ', '. При этом в сообщении укажите свои ФИО полностью, дату рождения, кафедру и должность.', '\xa0', 'Вы также можете ', ', если в своем аккаунте указывали адрес электронной почты. ', 'Обратитесь в свой ', '. Пароль имеет вид ', ' или ', '. Перед русской заглавной буквой «М» стоит цифра «ноль» - 0 (но не буква «О»). Не забывайте ', ' (-) в пароле.', '\r\n  '],)",Личный кабинет обучающегося и преподавателя Московского Политеха
"([],)",https://passport.yandex.ru/auth?origin=metrica&retpath=https%3A%2F%2Fmetrika.yandex.ru%2Fdashboard%3Fid%3D24882404%26from%3Dinformer,"([],)","([],)",,no,no,"([],)","(['Логин', 'Пароль', 'Чужой компьютер', 'Войти', 'ru', 'Помощь', '© 2001-2017, ', 'Яндекс'],)",Авторизация
"(['«Картинг без границ»', '«Лифт в будущее»'],)",http://edc.mospolytech.ru/,"(['Выдающиеся личности формируются не посредством красивых речей, а собственным трудом и его результатами', 'О ЦЕНТРЕ', 'Кто хочет работать – ищет средства, кто не хочет – причины', 'ОБРАЗОВАТЕЛЬНЫЕ ЛАБОРАТОРИИ И ТЕХНОПАРК', 'Хорошо летают только красивые самолеты', 'ПРОИЗВОДСТВЕННЫЕ ЛАБОРАТОРИИ', 'ПРОЕКТЫ ТЕХНОПАРКА', 'Ученые изучают мир, как он есть. Инженеры создают мир, которого раньше не было', 'СМИ о нас', 'Мы находимся в Москве', 'СПАСИБО, ЧТО ПОСЕТИЛИ НАС'],)","([],)",,no,no,"(['Центр развития инжиниринга'],)","(['ЦЕНТР РАЗВИТИЯ ИНЖИНИРИНГА', '\n\t  \t\t \t\t', 'МОСКОВСКИЙ ПОЛИТЕX', ' \nСтуденты университета могут выбрать для участия одну из образовательных лабораторий Центра, где им предстоит в течение одного учебного года разработать инженерный продукт, произвести его на профессиональном оборудовании в технопарке Центра, а затем представить проект на международных соревнованиях.\n\n\t\t\t', '\n\t\t\t\t', '\n\t\t\t\t\t\xa0\xa0\xa0\xa0\xa0\xa0В 2015 году выпускники Университета машиностроения при активной поддержке ректора Николаенко Андрея Владимировича открыли на его территории Центр развития инжиниринга (ЦРИ).', '\n\t\t\t\t\t\xa0\xa0\xa0\xa0Центр помогает решать инжиниринговые задачи разных уровней – от поиска идеи до производства конечного продукта.', '\n\t\t\t\t\t\xa0\xa0\xa0\xa0Клиенты центра – это студенты, преподаватели, сотрудники университета, а также технические специалисты или неспециалисты сторонних организаций.', '\n\t\t\t\t\t\xa0\xa0\xa0\xa0\xa0Мы создаем экосистему, в которой школьники знакомятся с инженерными профессиями, студенты разрабатывают проекты, компании находят своих сотрудников, изобретатели производят ноу-хау, а люди с ограниченными возможностями приспосабливает под себя предметы быта.', '\n\t\t\t\t\t\xa0\xa0\xa0\xa0\xa0\xa0В центре базируются 5 студенческих инженерных проектов, проводятся лекции и мастер-классы для школьников, проходят дни открытых дверей для профильных компаний, работает производственный комплекс, специалисты центра организовывают и проводят выездные инженерные мероприятия.', '\n\t\t\t\t\t\xa0\xa0\xa0\xa0\xa0Двери центра открыты для всех, кто готов следовать законам физики и правилам техники безопасности.', '\n\t\t\t\t', '\n\nНа сегодняшний день в Центре представлены четыре образовательных лаборатории.', '\n', 'Цель лабораторий: Подготовка новых кадров и повышение профессиональных компетенций обучающихся университета в сфере перспективных инженерных специальностей.', 'Студенты вуза объединяются в команду и распределяют между собой должностные обязанности. За один учебный год они проектируют, рассчитывают и изготовляют, согласно регламенту, прототип одноместного гоночного автомобиля класса «формула», разрабатывают бизнес-план серийного производства и работают с компаниями-спонсорами. ', ' ', '\n   Впоследствии, проект студентами представляется на международном этапе жюри, состоящему из автомобильных инженеров, конструкторов, экономистов, менеджеров ведущих машиностроительных предприятий.', ' ', '\n   Заключительный этап защиты проекта - гонки, наглядно демонстрирующие результат студенческого труда.', ' ', ' 2006 г.', ' \n', ' участие в международных инженерных соревнованиях Formula SAE', ' \n', ' одноместный гоночный болид', ' \n', ' ', ' \n3 человека – руководители', ' \n25 человек  (за 1 учебный год) – студенты', ' \n', ' 6 месяцев', ' \n', ' 8', ' \n', '\n— Германия', '\n— Австрия', '\n— Венгрия', '\n— Италия', '\n— Эстония', '\n', ' \n— 1 место на  этапе Формула Студент Австрия в дисциплине «Cost Report»\n', '   \n\n', '   Smartmoto сhallenge – серия международных студенческих инженерных соревнований в области энергоэффективности на транспорте. За учебный год команды студентов технических вузов  проектируют, строят  и испытывают легкий мотоцикл на электрической тяге. Базовые комплектующие, такие как электромотор, блок управления и аккумулятор предоставляет главный спонсор соревнований - компания ELMOTO.', '\nСудьями соревнований выступают известные отраслевые предприниматели и эксперты – инженеры, экономисты и дизайнеры.', ' 2013 г.', '\n', ' участие в международных инженерных соревнованиях Smartmoto Challenge', '\n', '  электромотоцикл', '\n', ' ', '\n4 человека – руководство', '\n15 человек  (за 1 учебный год) – студенты', '\n', ' 3 месяца', '\n', ' 5', '\n', '\n— Испания', '\n— Россия', '\n', '\n— Чемпион мира 2013', '\n— Чемпион мира 2015', '\n', '   \n\n', 'Композитные материалы – это материалы, зародившиеся в авиационной отрасли и спустя несколько десятилетей, эти материалы начинают проникать в нашу повседневную жизнь. Известно, что композиты отличаются своими прочностными и весовыми свойствами и в ближайшее десятилетие прогнозируется крайне высокий спрос на специалистов по работе с композитными материалами. ', ' ', '\n   Это и послужило поводом для создания в Московском Политехе лаборатории «Композитные материалы», где студенты в процессе обучения в университете смогут пройти практико-ориентированный курс по работе с композитами.', ' ', '\n\t\t\t\t\t\t        ', '   \n\n', '   На базе лаборатории создается проектная группа по постройке беспилотного транспортного средства совместно со студентами барселонского университета Politècnica de Catalunya', '   \n\n', '   Технопарк ЦРИ – это инженерно-технологический комплекс Центра, охватывающий все процессы создания инженерного продукта студентами: от создания концепции до готового продукта. Технопарк состоит из трех отделов: организационный, инжиниринговый и производственный.', '   Детский технопарк - это детский инженерно-технологический комплекс, который охватывает ряд образовательных программ, направленных на развитие молодых талантов, их профессиональных умений и навыков по техническим дисциплинам. \t', '  \n\t\t\t\t\t\t\t\tДетский технопарк включает в себя 4 направления: ', '\n\t\t\t\t\t\t\t\t-\t«Аэрокосмическая инженерия» ', '\n\t\t\t\t\t\t\t\t-   «Автоконструирование и расчеты» ', '\n\t\t\t\t\t\t\t\t-\t«Беспилотная техника» ', '\n\t\t\t\t\t\t\t\t-\t«Транспортный дизайн» ', '\n\t\t\t\t\t\t\t\tКонтактная информация: ', '\n', '   \n\n', '\n\t\t\t\t', '\n\n\t\t\tТехнопарк ЦРИ – это инженерно-технологический комплекс Центра, охватывающий все процессы создания инженерного продукта студентами: от создания концепции до готового продукта. Технопарк состоит из трех отделов: организационный, инжиниринговый и производственный.', 'Размеры рабочего стола: 700 х 450 мм', '\nРабочая зона: 600 х 450', '\nХода по осям X/Y/Z: 600/450/480 мм', '\nОбрабатываемые материалы: сплавы цветных металлов, пластики\n', 'Максимальный диаметр обработки: 200 мм', '\nПоперечный ход (X): 160 мм', '\nПродольный ход (Z): 450 мм', '\nИнструментальный револьвер: с приводным инструментом', '\nОбрабатываемые материалы: стали, сплавы цветных металлов, пластики\n', 'Рабочая поверхность стола 1120х260 мм', '\nХод стола по осям X, Y 600х300 мм', '\nОбрабатываемые материалы: стали, сплавы цветных металлов, пластики\n', 'Наибольший диаметр обрабатываемого изделия: 325 мм', '\nРасстояние между центрами: 750 мм', '\nОбрабатываемые материалы: стали, сплавы цветных металлов, пластики\n', 'Размер обрабатываемой поверхности: 3000х1500 мм', '\nМаксимальная толщина реза: 300 мм', '\nОбрабатываемые материалы: без ограничений (металлы, пластики, композитные составы, дерево, камень, стекло и т.д.)\n', 'Тип станка: полуавтоматический, с дорном', '\n\t\t\t\t\t\t\t\t\tЧПУ-управление: по 1-й координате (автоматическая гибка)\n\t\t\t\t\t\t\t\t\t', 'Используемая технология: лазерная стереолитография (фотополимеризация, SLA)', '\nМаксимальный размер деталей (ДxШxВ): 266 x 178 x 193 мм', '\nТолщина слоя построения: 0,025 - 0,1 мм', '\n', '\nТип: Пластик АБС', '\nПрочность на разрыв: 28,2 МПа', '\nУдлинение при разрыве: 1,3 %', '\nМодуль упругости при растяжении: 2 586 МПа', '\nПрочность на изгиб при разрыве: 56,8 МПа ', '\nМодуль упругости при изгибе: 1 880 МПа', '\nТвердость по Шору: 88 D', '\nУдарная вязкость по Изоду: 2,5 КДж/м2', '\nТемпература термической деформации при 1,8 МПа: 48,9°С', '\nТемпература термической деформации при 0,46 МПа: 80°С\n', 'Минимальная зона сканирования: 66х50х50 мм', '\nМаксимальная зона сканирования: без ограничений', '\n3D разрешение: 0,05-0,35 мм', '\nФормат данных на выходе: STL', '\nДля сканирования объекта его необходимо покрывать матирующим спреем\n', 'Тип: TIG/MMA АC/DC ', '\nМакс. ток: 200А ', '\nИспользуемый газ при сварке: Аргон', '\nУниверсален для работ любой сложности', '\n', 'Учащимся школ, ссузов и вузов предлагается создать  на базе технопарка инженерную команду, перед которой ставится цель спроектировать, создать, настроить и испытать полностью действующий дистанционно пилотируемый прототип транспортного средства с любым типом силовой установки, кроме двигателей, работающих на продуктах, полученных из нефти (бензин, керосин, дизельное топливо) согласно единому регламенту, разработанному в рамках данного проекта.', ' ', '\n\t\t\t\t\t\t          ', ' 2015 г.', '\n', ' подготовка инженеров нового поколения через погружение учащихся школ, ссузов и вузов в проектную деятельность с применением соревновательной составляющей', '\n', ' \n3 – руководство', '\nболее 100 – учащиеся', '\n', ' 6 месяцев', '\n', '\n— Республика Татарстан', '\n— Алтайский край', '\n— Московская область', '\n— Ханты-Мансийский Автономный округ (Югра)\n', 'Smartmoto challenge Moscow – это международные студенческие инженерные соревнования в области энергоэффективности на транспорте. ', '\nЗа учебный год команды студентов технических вузов  проектируют, строят  и испытывают легкий мотоцикл на электрической тяге. Базовые комплектующие, такие как электромотор, блок управления и аккумулятор предоставляет главный спонсор соревнований - компания ELMOTO. Судьями соревнований выступают известные отраслевые предприниматели и эксперты – инженеры, экономисты и дизайнеры.', ' 2013 г.', '\n', ' предоставление возможности студентам поработать над реальными проектом по разработке лёгкого электромотоцикла', '\n', ' ', '\n7 человек – организаторы', '\n10 человек – волонтёры', '\n100 человек (за 1 учебный год) – участники (студенты)', '\n', ' 6 месяцев', '\n', '\n— Россия', '\n', '«Картинг без границ» — первые соревнования на картах для людей с нарушениями опорно-двигательного аппарата.', '\n\nДля уникальных гонок были построены специальные карты, которыми можно управлять без помощи ног. Специфика задания заключалась в том, что карт должен обеспечивать максимальную безопасность пилота. Для этого конструкция была дополнена современной электроникой, ремнями безопасности, удерживающими пилота, и специальной дугой, защищающей при переворотахю. Управление газом и тормозом карта осуществляется с помощью рычагов, расположенных за рулевым колесом. В остальном же характеристики карта не изменились: он может так же динамично разгоняться и развивать скорость до 60 км в час.', ' 2013 г.', '\n', ' проект направлен на социализацию людей с ограниченными возможностями через автоспорт', '\n', ' ', '\n5 человек – организаторы', '\n70 человек (за 1 мероприятие) – участники', '\n', ' 1 месяц', '\n', ' 3', '\n', '\n— Россия', '\n', 'Московские инженерно-спортивные соревнования (МИСС) — серия инженерных соревнований для учащихся школ, ссузов и вузов. ', '\n\n\t\t\t\t\t\t          За 1 месяц учащиеся школ конструируют полноприводную радиоуправляемую модель автомобиля, оснащенную системой дистанционного управления, учащиеся средних учебных заведений проектируют, строят  и испытывают легкий мотоцикл на электрической тяге. Самая сложная задача стоит перед студентами вузов – собрать и запрограммировать робота-андроида, который должен преодолеть три испытания: пройти лабиринт, станцевать и победить противника на ринге. ', ' 2013 г.', '\n', ' подготовка инженеров нового поколения через погружение учащихся школ, ссузов и вузов в проектную деятельность с применением соревновательной составляющей', '\n', ' \n5 человек – организаторы', '\n50 человек (за 1 учебный год) – участники (учащиеся)', '\n', ' 3 месяца', '\n', '\n— Россия', '\n', 'EDUCAR - это детский образовательный набор, состоящий из комплектующих, имитирующих реальные детали автомобиля и образовательной программы по автомобилестроению в виртуальной реальности.', '\n\n\t\t\t\t\t\t          За 1 год учащиеся школ конструируют полноприводную радиоуправляемую модель автомобиля, оснащенную системой дистанционного управления. \n\t\t\t\t\t\t\tБлагодаря высокой точности деталей и грамотной структуре образовательной программы дети до 14 лет получают всю необходимую информацию, чтобы сфомировать для себя полное представление о работе автомобиля. ', ' 1:8', '\n', ' 5510 г', '\n', ' 30 км/ч', '\n', ' 20 мин', '\n', ' полный', '\n', ' 664 мм', '\n', ' 400 мм', '\n', ' 280 мм', '\n', ' 40 мм ', '\n', ' 95 000,00 р./шт. ', '\n', '\n\t\nОбразовательная программа включает:', '\n— Техническое руководство по сборке и эксплуатации конструктора Educar', '\n— VR-очки ', '\n— Курс лекций подготовленный в формате виртуальной реальности ', '\n— Уникальная программная платформа EDUCAR для смартфонов с возможностью воспроизведения лекций в формате виртуальной реальности, а так же осуществление индивидуальной поддержки пользователей в реальном времени.', '\n', ' 2 200 000,00 р. ', '\n', 'EDUVEL - это детский образовательный набор, состоящий из комплектующих, имитирующих реальные детали автомобиля и образовательной программы по автомобилестроению в виртуальной реальности.', '\n\n\t\t\t\t\t\t          За 1 год учащиеся школ конструируют заднеприводную модель веломобиля. \n\t\t\t\t\t\t\tБлагодаря высокой точности деталей и грамотной структуре образовательной программы дети до 14 лет получают всю необходимую информацию, чтобы сфомировать для себя полное представление о работе автомобиля. ', ' 1:1', '\n', ' 45 кг ', '\n', ' 30 км/ч', '\n', ' 40 мин', '\n', ' полный', '\n', ' 2050 мм', '\n', ' 790 мм ', '\n', ' 1360 мм', '\n', ' 20 мм ', '\n', ' 280 000,00 р./шт. ', '\n', '\n\t\nОбразовательная программа включает:', '\n— Техническое руководство по сборке и эксплуатации конструктора ', 'EDUVEL', '\n— VR-очки ', '\n— Курс лекций подготовленный в формате виртуальной реальности ', '\n— Уникальная программная платформа для смартфонов с возможностью воспроизведения лекций в формате виртуальной реальности, а так же осуществление индивидуальной поддержки пользователей в реальном времени.', '\n', ' ', ' 2 200 000,00 р. ', '\n', '\n\t\t\t\t\t\t        ', 'EDUDRON - это образовательный конструктор широкого применения в таких сферах как:', '\n\n- Картографическая съемка ', '\n- Фермерское и сельское хозяйство ', '\n- Спасательные операции и скорая помощь ', '\n- Археология и картография ', '\n- Службы доставки ', '\n- Определение территорий, подвергшихся стихийным бедствиям ', '\n- Метеорологические исследования ', ' 600 мм', '\n', ' МS5611-08BA03', '\n', ' 450 г', ' \n', ' 320*160*60', '\n', ' 800 м', '\n', ' MPU-6000', '\n', ' 8,6~15В', '\n', ' 320*480 ', '\n', ' 80 000,00 р./шт.\xa0\n', '\n\tОбразовательная программа включает:', '\n— Техническое руководство по сборке и эксплуатации конструктора EDUDRON', '\n— VR-очки ', '\n— Курс лекций подготовленный в формате виртуальной реальности ', '\n— Уникальная программная платформа для смартфонов с возможностью воспроизведения лекций в формате виртуальной реальности, а так же осуществление индивидуальной поддержки пользователей в реальном времени.', '\n', ' ', ' 2 200 000,00 р. ', '\n', '\n', '\n\t\t\t\t', 'В наше время сложно найти человека, который не любит скорость — она позволяет ощутить колоссальный спектр эмоций, дает возможность почувствовать свободу.Наиболее доступной возможностью испытать эти эмоции является картинг.', 'Телеканал НТВ в программе ""Акценты недели"" посетили инженерно-конструкторскую школу в ВДЦ ""Орленке"", где работники Центра развития инжиниринга работали с инженерными талантами в направлении ""Конструирование автомобилей и стратегический транспорт"".', 'Телеканал НТВ в программе ""Акценты недели"" посетили инженерно-конструкторскую школу в ВДЦ ""Орленке"", где работники Центра развития инжиниринга работали с инженерными талантами в направлении ""Конструирование автомобилей и стратегический транспорт""', 'ул. Большая Семёновская, д. 38, Н-114', '+7(495)223-05-23 (доб.1557)', '  Москва, ул. Б.Семёновская, д. 38, Н-114', '\n\t\t\t\t\t\t', '  +7(495)223-05-23 (доб.1557)', '\n\t\t\t\t\t\t', ' ', ' ', '\n\t\t\t\t\t\t', ' ', ' ', '\n\t\t\t\t\t\t', ' ', ' '],)", Центр развития инжиниринга 
"([],)",http://mospolytech.ru/index.php?id=3747,"([],)","(['Московский политех, Московский политехнический университет, МАМИ, Университет машиностроения, обучение, вуз, высшее образование, МГОУ Черномырдина, МГВМИ, МИХМ, МГУИЭ, МГИУ, МГУП Ивана Федорова'],)",,yes,yes,"(['Московский политехнический университет является крупнейшей  образовательной организацией, готовящей квалифицированных специалистов для производства'],)","(['найти', 'Университет', 'Образование', 'Наука', 'Внеучебная жизнь', 'Противодействие терроризму и экстремизму', '15 ноября 2017 года в Высшей школе управления и права Московского Политеха прошла I конференция «Власть и общество в противодействии терроризму», на которой обсуждали методы противодействия террористическим и экстремистским сообществам и защиту от террористической угрозы в on-line пространстве.', '\xa0', 'Ответственный за организацию и контроль деятельности по профилактике противодействия идеологии терроризма и экстремизма в Московском Политехе Олег Семёнов отметил, что в современных условиях возрастает значимость вопросов профилактики экстремизма. Общество осознало, что экстремизм и терроризм используется как инструмент для реализации политических задач. Экстремистские организации, активно используя современные информационные технологии, осуществляют идеологическую обработку молодых людей с целью обеспечения постоянного пополнения рядов своих сторонников.', 'Директор ВШУиП Московского Политеха Николай Михайлович ', 'Фёдоров\xa0', 'отметил, что ни один житель нашей страны не застрахован от зла, которое именуется «терроризмом». Сейчас в России развивается государственная программа патриотического воспитания, внесены изменения в\xa0Федеральный закон «Об\xa0образовании в Российской Федерации», концепция которого неразрывно связывает задачи воспитания и\xa0обучения. Все это способствует защите молодежи от\xa0радикальных и\xa0экстремистских идеологических течений.', 'С тематическими докладами перед участниками конференции выступили преподаватели вуза, представители научного и экспертного сообщества Сергей Заславский, Сергей Мерзляков, Владислав Березуцкий и другие.', 'По мнению большинства докладчиков и выступавших, международный терроризм сегодня приобрел принципиально новые качества. Ответственность в противостоянии терроризму должны взять на себя наиболее видные и влиятельные представители общественности, религиозные деятели и парламентарии.', ' ', 'По итогам конференции участники высказали единодушную позицию о необходимости проведения подобного мероприятия на регулярной основе. В частности, было предложено провести II конференцию в 2018 году с привлечением представителей филиалов Московского Политеха, а также расширить географию участников конкурса докладов и проектов.', 'Конференция проводилась в соответствии с решением Президиума Совета ректоров от 12.04.2017 года о мониторинге внедрения в учебный процесс вузов Москвы рекомендованной Минобрнауки России дополнительной образовательной программы «Гражданское население в противодействии распространению идеологии терроризму».\xa0', 'Пособие обладает системной структурой изложения, четко определяет предмет рассмотрения и характеризуется системным подходом к предотвращению насильственного экстремизма. В пособии содержатся полезные практические советы по организации педагогического процесса и общению с молодежью.\xa0', 'Методическое пособие по предотвращению насильственного экстремизма', '.', '.\xa0', 'создан и функционирует интернет-ресурс «Интерактивная карта антитеррористической деятельности в образовательных организациях и научных учреждениях Российской Федерации»\xa0', 'Интерактивная карта доступна по адресу\xa0', 'На Интерактивной карте размещаются сведения о различных мероприятиях, таких как форумы, семинары и выставки, включая программы, итоговые отчеты и резолюции. Карта предназначена для обеспечения прозрачности и повышения эффективности профилактической работы в образовательных организациях и научных учреждениях.\xa0', '\r\n', '\r\n', 'Терроризм сегодня –\xa0одна из главных угроз цивилизации, доказавшая за последнее время\xa0 свою крайнюю жестокость. Террористическая угроза –\xa0это каждодневная реальность, к отражению которой надо быть готовыми всегда. Для террориста человеческая жизнь не имеет никакой ценности, и активная гражданская позиция каждого –\xa0необходимое условие успешного противостояния.', '\r\n', 'Портал\xa0«Наука и образование против террора» создан с целью продвижения доступной для понимания пользователей информации о позиции научного сообщества по проблематике антитеррористической деятельности, ее социально-экономических аспектах, эффективности действий всех ветвей российской власти на данном направлении.', '\r\n', 'Участники \xa0Проекта\xa0— \xa0преподаватели, сотрудники и студенты высших учебных заведений России, российские и зарубежные специалисты в области противодействия терроризму \xa0— ставят задачу объединить ученых, преподавателей и студентов \xa0российских вузов для \xa0научного противодействия насилию и террору.', '\r\n', 'Портал оказывает информационную поддержку проводимых и планируемых научных конкурсов и конференций по антитеррористической тематике, в т.ч. с участием представителей\xa0 СНГ.', '\r\n', 'Основные задачи сайта:', '\r\n', 'Целенаправленное освещение всех аспектов проблемы террористической угрозы обществу.', 'Создание условий для нравственного и патриотического воспитания молодежи России, формирование у нее активной жизненной позиции в неприятии терроризма и экстремизма.', 'Освещение вопросов исторического, религиозного и национального характера, имеющих отношение к возникновению терроризма, помогающих в разоблачении его античеловечной идеологии.', 'Пропаганда социально значимых ценностей общества, мирного межнационального и межконфессионального диалога.', 'Воспитание у молодежи устойчивого протестного неприятия идеологии терроризма и экстремизма.', '\r\n', 'Адрес сайта: ', '\r\n', '21 ноября в Коломенском институте (филиале) Московского Политеха прошла конференция на тему «Противодействие идеологии терроризма и экстремизма в образовательной сфере и молодежной среде». С докладом выступил советник при ректорате Московского Политеха – Владимир Вакуленко.', ' ', 'Конференция прошла в рамках реализации мероприятий Комплексного плана противодействия идеологии терроризма в Российской Федерации на 2013-2018 годы. По окончании конференции советник ответил на вопросы, интересующие студентов в индивидуальном порядке.', 'Материалы доклада освещены на официальном сайте Коломенского института.', '\xa0', ' ', 'Материалы конференции будут размещены на информационных ресурсах Чебоксарского института и на сайте Московского политеха.', '\xa0', ' ', 'По инициативе Минобрнауки России, в рамках реализации мероприятий Комплексного плана Противодействия идеологии терроризма в Российской Федерации на 2013-2018 годы, в г. Москве 27-28 сентября проходила III Всероссийская научно-практическая конференция «Противодействие идеологии терроризма и экстремизма в образовательной сфере и молодежной среде».', 'Московский политехнический университет\xa0 на данной конференции представлял советник при ректорате по комплексной безопасности Владимир Вакуленко.', 'Площадку для проведения конференции предоставил университет МГИМО МИД России, среди приглашенных были представители Минобрнауки, Национального антитеррористического комитета России, а также правительства г. Москвы. В практической части конференции университет был представлен на секции № 2 «Формы и методы информационного противодействия идеологии терроризма в образовательной сфере и молодежной среде».', 'Материалы конференции будут изданы отдельным сборником, а также размещены в информационно-телекоммуникационной сети «Интернет», а также на сайте Московского политеха.\xa0\xa0', 'Сообщить информацию о противоправном интернет-ресурсе или аккаунте в социальных сетях для анализа экспертами и последующей передачи в Генеральную проруратуру Российской Федерации и Роскомнадзор в целях ограничения доступа — с помощью ', '.', 'В целях недопущения возможного обострения обстановки на территории г. Москва в  преддверии праздничных мероприятий, посвященных 71-й годовщине Победы в Великой  Отечественной войне 1941-1945 гг. и Чемпионата мира по хоккею, просим вас  остерегаться провокационных действий, направленных на возбуждение ненависти или  вражды, унижения достоинства человека, либо группы лиц по признакам пола, расы,  национальности и языка.', '12-13 ноября 2015 г. в здании Минобрнауки России на ул. Люсиновской, 51 прошла конференция, посвященная обеспечению безопасности в образовательных организациях.', 'В президиум конференции вошли первый заместитель Министра образования и науки РФ Наталья Третьяк, депутат Государственной Думы Российской Федерации, заместитель председателя комитета по безопасности и противодействию коррупции Александр Хинштейн, первый заместитель председателя Комитета Совета Федерации по науке, образованию\xa0 и культуре Лилия Гумерова, заместитель председателя Комитета Государственной Думы Федерального Собрания РФ по образованию Надежда Шайденко, первый заместитель руководителя аппарата Национального антитеррористического комитета Евгений Ильин. Пленарное заседание вел директор Департамента государственной службы, кадров и управления делами Министерства образования и науки РФ Владимир Голубовский.', 'В своих докладах представители государственных ведомств коснулись таких тем, как государственная политика и правовое обеспечение безопасности образовательных организаций, а также обсудили основы профилактики экстремистской деятельности в молодежной среде.', 'В основной части первого дня конференции были рассмотрены конкретные примеры обеспечения комплексной безопасности в образовательных организациях. В частности, руководитель Всероссийского научно-исследовательского института по проблемам гражданской обороны и чрезвычайных ситуаций МЧС России Валерий Акимов рассказал об организации комплексной безопасности в международном детском центре «Артек». Кроме того, перед собравшимися выступили министры образования и науки Чеченской Республики, республики Башкортостан и Ставропольского края, коснувшись ключевых аспектов обеспечения безопасности на примере своих регионов.', 'Директор Департамента государственной службы, кадров и управления делами Министерства образования и науки РФ Владимир Голубовский выступил с докладом о роли информационно-аналитических систем как инструмента повышения безопасности образовательных и научных организаций.', 'Представители образовательных организаций и государственных ведомств, а также специалисты по безопасности рассказали о профилактике возникновения угроз безопасности в образовательных учреждениях, о современных методах и форматах работы с молодежью, о воспитательной работе в поликультурном и многонациональном пространстве российского общества. По итогам дискуссий были приняты итоговые резолюции мероприятия. \xa0', 'Помимо основной части конференции, в фойе министерства участники мероприятия могли ознакомиться с выставкой современных систем безопасности организаций, оборудования для выявления в толпе лиц с неадекватным поведением, а также фрагмент экспозиции «Память Беслана».\xa0', '\r\n\r\n', '\xa0', '\xa0', 'Ученый совет', 'Кампус', '\xa0', '\xa0', 'Центр развития профессионального образования'],)",Московский Политех - Противодействие терроризму и экстремизму
"([],)",http://mospolytech.ru/index.php?id=44,"([],)","(['Московский политех, Московский политехнический университет, МАМИ, Университет машиностроения, обучение, вуз, высшее образование, МГОУ Черномырдина, МГВМИ, МИХМ, МГУИЭ, МГИУ, МГУП Ивана Федорова'],)",,yes,yes,"(['Московский политехнический университет является крупнейшей  образовательной организацией, готовящей квалифицированных специалистов для производства'],)","(['найти', 'Университет', 'Образование', 'Наука', 'Внеучебная жизнь', 'Горячая линия', 'Здесь Вы можете сообщить об известных Вам фактах коррупции. Каждое сообщение будет тщательно проверено, поэтому мы рекомендуем оставлять контактную информацию. Конфиденциальность гарантируем.\xa0', 'Помните об уголовной ответственности за клевету!', '\xa0', '\r\n\r\n  ', '\r\n  ', '\xa0', '\r\n\r\n', '\xa0', '\xa0', 'Ученый совет', 'Кампус', '\xa0', '\xa0', 'Центр развития профессионального образования'],)",Московский Политех - Горячая линия
"(['Тестовые доступы к ЭБС', 'ул. Б.Семеновская, 38', 'ул.Павла Корчагина, 22', 'ул.Автозаводская, 16', 'ул. Прянишникова, 2А', 'ул. Садовая-Спасская, 6', 'ул. 800-летия Москвы, 28корп.1', 'О Библиотечно-информационном центре'],)",http://lib.mami.ru/,"([],)","([],)",,no,no,"([],)","(['Телефон: ', '(495) 223-05-23 доб. 1307', 'Телефон:', ' ', '(495) 223-05-23 доб.3210', 'Телефон:', ' ', '(495) 276-34-41', 'Телефон: ', '(499) 976-13-67', 'Телефон:', ' ', '(495) 607-36-53', 'Телефон:', ' ', '(499) 900-38-22'],)",Библиотечно-информационный центр Московского Политеха
"([],)",http://mospolytech.ru/index.php?id=1303,"([],)","(['Московский политех, Московский политехнический университет, МАМИ, Университет машиностроения, обучение, вуз, высшее образование, МГОУ Черномырдина, МГВМИ, МИХМ, МГУИЭ, МГИУ, МГУП Ивана Федорова'],)",,yes,yes,"(['Московский политехнический университет является крупнейшей  образовательной организацией, готовящей квалифицированных специалистов для производства'],)","(['найти', 'Университет', 'Образование', 'Наука', 'Внеучебная жизнь', 'Реорганизация университета', 'В данном разделе представлены основные новости и документы по реорганизации\xa0Университета машиностроения', 'В  соответствии с ', ' проводится реорганизация федерального  государственного бюджетного образовательного учреждения высшего образования  «Московский государственный машиностроительный университет (МАМИ)» и  федерального государственного бюджетного образовательного учреждения высшего  профессионального образования «Московский государственный университет печати  имени Ивана Федорова» в форме слияния с образованием на их основе федерального  государственного бюджетного образовательного учреждения высшего образования  «Московский политехнический университет».', ' ', ' ', 'Для  обеспечения взаимодействия с работниками, обучающимися и партнерами  реорганизуемых университетов, в ближайшее время на нашем сайте будет открыт  специальный раздел, где каждый может выразить своё видение пути дальнейшего  развития объединённого университета и предложить конкретные идеи.', '\xa0', '\xa0', 'В соответствии с\xa0', '\xa0проводится реорганизация Московского государственного индустриального университета путём его присоединения к Московскому государственному машиностроительному университету (МАМИ).', 'В соответствии с решением Ученого совета Университета машиностроения от 29.04.2015 с 1 сентября 2015 года вводится новая учебная структура университета. ', '.', 'Для обеспечения взаимодействия с работниками, обучающимися и партнерами реорганизуемого МГИУ на нашем сайте организована система обратной связи. \xa0Открыт\xa0', ', где каждый может выразить своё видение пути дальнейшего развития объединённого университета и предложить конкретные идеи. Вся информация будет тщательно изучена.', '\xa0', '13 января 2015 года состоялась ', ', посвященная реорганизации вузов. В ходе встречи А. В. Николаенко сообщил о процедуре объединения и базовых принципах формирования объёдиненной структуры, а также ответил на многочисленные вопросы.', '\xa0', 'Федеральное государственное бюджетное образовательное учреждение высшего профессионального образования «Московский государственный машиностроительный университет (МАМИ)» объявляет конкурс на замещение вакантных должностей профессорско-преподавательского состава.', 'Заявления и документы для участия в конкурсе подаются в управление кадров и делопроизводства, расположенное по адресу: 107023, г. Москва, ул. Большая Семеновская, д. 38, каб. 301,302, тел.: 8 495 223-05-20.', 'Подробная информация на официальном сайте университета\xa0', '\xa0', 'О реорганизации федерального государственного бюджетного образовательного учреждения высшего профессионального образования «Московский государственный машиностроительный университет (МАМИ)» и федерального государственного бюджетного образовательного учреждения высшего профессионального образования «Московский государственный индустриальный университет»', 'Уважаемые коллеги!', '5 сентября 2013 года\xa0', ' утверждена и введена в действие\xa0', '.\xa0В ходе обсуждения проекта\xa0', '\xa0получила более 160 обращений (см. также\xa0', ') Мы рассмотрели и постарались учесть все предложения и замечания, направленные на совершенствование образовательной деятельности университета. Хочу поблагодарить всех, кто принимал участие в обсуждении новой учебной структуры Университета машиностроения.', ', утвержден ', '.', 'Значительная часть предложений касалась судьбы Энергетического факультета Московского государственного открытого университета имени В.С. Черномырдина. Принято решение о его объединении с Энергетическим факультетом Автомобильного института. Многие студенты, преподаватели, выпускники выражали озабоченность возможной\xa0потерей накопленного опыта и понижением качества подготовки специалистов, невыполнением обязательств перед обучающимися по выбранным в МГОУ им. В.С. Черномырдина «энергетическим» направлениям подготовки.', 'От лица руководства Университета машиностроения и рабочей группы хочу заверить все заинтересованные стороны, что Энергетический факультет Автомобильного института объединенного Университета машиностроения и кафедры, входящие в его состав, используя базу объединяемых вузов, позволят сконцентрировать человеческий, организационный и материально-технический ресурс для повышения качества подготовки высококвалифицированных кадров для энергетической отрасли.', 'Ректор Университета машиностроения', 'А.В. Николаенко', '\xa0', '\xa0', '\xa0', '\r\n\r\n', '\xa0', '\xa0', 'Ученый совет', 'Кампус', '\xa0', '\xa0', 'Центр развития профессионального образования'],)",Московский Политех - Реорганизация университета
"([],)",http://mospolytech.ru/index.php?id=181,"([],)","(['Московский политех, Московский политехнический университет, МАМИ, Университет машиностроения, обучение, вуз, высшее образование, МГОУ Черномырдина, МГВМИ, МИХМ, МГУИЭ, МГИУ, МГУП Ивана Федорова'],)",,yes,yes,"(['Московский политехнический университет является крупнейшей  образовательной организацией, готовящей квалифицированных специалистов для производства'],)","(['найти', 'Университет', 'Образование', 'Наука', 'Внеучебная жизнь', 'Задать вопрос ректору', 'Уважаемые \r\n  посетители сайта! У вас появилась возможность задать интересующие вас вопросы \r\n  по всем направлениям деятельности университета и оперативно получить на них \r\n  исчерпывающие ответы. Ни одна ваша проблема не останется без моего внимания \r\n  при условии, что Ваше сообщение не является анонимным.', 'Вопросы, касающиеся приема в университет, Вы можете задать на сайте ', ' в рубрике «', '».', '\r\n  ', '\r\n  ', '\xa0', '\r\n\r\n', '\xa0', '\xa0', 'Ученый совет', 'Кампус', '\xa0', '\xa0', 'Центр развития профессионального образования'],)",Московский Политех - Задать вопрос ректору
"([],)",http://mospolytech.ru/index.php?id=5190,"([],)","(['Московский политех, Московский политехнический университет, МАМИ, Университет машиностроения, обучение, вуз, высшее образование, МГОУ Черномырдина, МГВМИ, МИХМ, МГУИЭ, МГИУ, МГУП Ивана Федорова'],)",,yes,yes,"(['Московский политехнический университет является крупнейшей  образовательной организацией, готовящей квалифицированных специалистов для производства'],)","(['найти', 'Университет', 'Образование', 'Наука', 'Внеучебная жизнь', 'ЦРПО Московского Политеха', ' \xa0', 'Научно-методическое и организационное сопровождение государственных программ в области развития среднего профессионального образования.', 'Проведение научных исследований в сфере инновационных направлений подготовки квалифицированных кадров для экономики России на базе образовательных организаций среднего профессионального образования.', ' Проведение системного анализа современных условий развития квалификационной структуры кадров для обеспечения опережающего реагирования образовательных услуг системы профессионального образования на требования рынка труда и граждан РФ.', 'Начальник Центра развития профессионального образования Московского   политехнического университета, кандидат медицинских наук', 'заместитель\xa0Начальника Центра развития профессионального образования   Московского политехнического университета, кандидат педагогических наук', 'ведущий научный сотрудник\xa0Центра развития профессионального   образования Московского политехнического университета, кандидат   педагогических наук', ' старший научный сотрудник\xa0Центра развития профессионального   образования Московского политехнического университета', '\xa0', '\xa0', 'старший   научный сотрудник\xa0 Центра развития профессионального образования   Московского политехнического университета', 'научный сотрудник\xa0Центра развития профессионального образования   Московского политехнического университета', ' Москва, Большая Семеновская, д. 38, к. Б208', ' +7 (495) 223-05-35', ', ', '\xa0', '\xa0', '\xa0', '\r\n\r\n', '\xa0', '\xa0', 'Ученый совет', 'Кампус', '\xa0', '\xa0', 'Центр развития профессионального образования'],)",Московский Политех - ЦРПО Московского Политеха
"([],)",http://mospolytech.ru/index.php?id=4308,"([],)","(['Московский политех, Московский политехнический университет, МАМИ, Университет машиностроения, обучение, вуз, высшее образование, МГОУ Черномырдина, МГВМИ, МИХМ, МГУИЭ, МГИУ, МГУП Ивана Федорова'],)",,yes,yes,"(['Московский политехнический университет является крупнейшей  образовательной организацией, готовящей квалифицированных специалистов для производства'],)","(['найти', 'Университет', 'Образование', 'Наука', 'Внеучебная жизнь', '\r\n\r\n', '\xa0', '\xa0', 'Ученый совет', 'Кампус', '\xa0', '\xa0', 'Центр развития профессионального образования'],)",Московский Политех - Ошибка 404
